strategy_name,ma_short,ma_long,stoploss,sharpe_ratio,sortino_ratio,max_drawdown,Final_Return,Total_Trades,Average_Trades_PL
5_26_0.03,5,26,0.03,-0.010157627219257481,-0.014264288025863521,0.30535044795292265,0.01839451018826055,756,4.56139775312663e-06
5_25_0.005,5,25,0.005,0.005966787853336487,0.008879446031147509,0.09194693707282608,1.0464714474633867,1065,8.830281914614807e-05
5_27_1,5,27,1.0,-0.007731881905721636,-0.011256916269406352,0.28138372657787725,0.1595681923301593,729,2.2674750345005093e-05
5_33_0.04,5,33,0.04,-0.012249818178206225,-0.01722552190386545,0.3827774317397431,-0.09487072768741611,663,-1.262026822926806e-05
6_25_0.03,6,25,0.03,-0.01516496858106487,-0.021391807233075207,0.28741178944173895,-0.17125822655599499,744,-1.37086941178361e-05
5_30_0.05,5,30,0.05,-0.009771165125294572,-0.014192305017193403,0.3871206354362551,0.0123022045672192,687,9.395945476903518e-06
5_32_0.01,5,32,0.01,-0.005094081161571535,-0.0072907480664376875,0.3109353699472682,0.2381185067978444,799,2.7795838378921286e-05
5_29_0.02,5,29,0.02,-0.0016520062108100657,-0.002374320026334506,0.20387141927271857,0.5116695052843163,725,5.781799762500802e-05
6_26_1,6,26,1.0,-0.009776607553298051,-0.014190104497168371,0.3696081860774795,0.018217669680316906,715,9.77337595432206e-06
6_29_0.05,6,29,0.05,-0.011526814916147517,-0.01667162423800478,0.4776455571453925,-0.13243472325468453,675,-3.921506155395913e-06
6_28_0.02,6,28,0.02,-0.0037835166469916493,-0.005446526204206642,0.3036704148569862,0.3505023453625271,719,4.0603700481784574e-05
5_35_0.005,5,35,0.005,-0.0021444626069705183,-0.003142082342168033,0.17222943829493442,0.5061349536495972,931,4.6689307305151296e-05
5_28_0.005,5,28,0.005,0.006316005610110297,0.009395340093100602,0.09230573128909136,1.083445214438091,991,9.77057775442665e-05
5_26_0.04,5,26,0.04,-0.005878599166208299,-0.008507444973744442,0.25638065716686576,0.2507464925036611,749,2.774949575423706e-05
5_25_0.01,5,25,0.01,-0.0014818826041741906,-0.0021579845182649357,0.16027275619632386,0.5516965982189441,905,4.868598644335654e-05
6_25_0.04,6,25,0.04,-0.011292700311237401,-0.016126046979735048,0.22067756476123668,0.005761206447804534,740,5.271266480677078e-07
6_29_1,6,29,1.0,-0.011526814916147517,-0.01667162423800478,0.4776455571453925,-0.13243472325468453,675,-3.921506155395913e-06
5_30_1,5,30,1.0,-0.009771165125294572,-0.014192305017193403,0.3871206354362551,0.0123022045672192,687,9.395945476903518e-06
5_33_0.05,5,33,0.05,-0.012827050552492206,-0.01837347619956897,0.4353397441133825,-0.13276551329276576,659,-8.622016031386328e-06
5_29_0.03,5,29,0.03,-0.015624682404539849,-0.022278202882867356,0.3381443222026367,-0.2145628323734151,706,-1.6761929221980988e-05
6_28_0.03,6,28,0.03,-0.018660617940724284,-0.026307657133735583,0.4918706713256854,-0.4076128050042147,690,-3.26840001516973e-05
6_27_0.005,6,27,0.005,0.009883151246737895,0.014807546709131134,0.09615773312358011,1.349295309492759,967,0.00011727296645713124
5_32_0.02,5,32,0.02,-0.004044657209690863,-0.005802193535419991,0.23123547836729397,0.3674375787616866,680,4.110325879201264e-05
5_35_0.01,5,35,0.01,-0.00728504994015859,-0.010405052572129023,0.2666218292737883,0.10662827958055643,797,1.2855740575474107e-05
5_25_0.02,5,25,0.02,-0.0031145858777106715,-0.00449205005242449,0.19218550800961476,0.44455104843070026,791,4.415150896288983e-05
5_28_0.01,5,28,0.01,-0.003051721713100665,-0.004406121284399489,0.22239786096708614,0.39180655514385787,855,4.550266666553277e-05
6_25_0.05,6,25,0.05,-0.009290463421205559,-0.01350672098001258,0.32962997731563215,0.08180273108953862,737,1.3230059179535565e-05
5_33_1,5,33,1.0,-0.012827050552492206,-0.01837347619956897,0.4353397441133825,-0.13276551329276576,659,-8.622016031386328e-06
6_30_0.005,6,30,0.005,0.002387927506530863,0.0035106734189145677,0.1265885684036091,0.8174862258503293,923,7.287932319408443e-05
5_26_0.05,5,26,0.05,-0.008382281008955834,-0.012177192309168413,0.31361210754932034,0.11168253421360652,747,1.780385698501345e-05
5_31_0.005,5,31,0.005,0.004301076796764,0.006376111209833916,0.14596048274783313,0.955342646363744,917,8.959820717948005e-05
6_28_0.04,6,28,0.04,-0.015025467560785221,-0.02151039073425324,0.3329315633154718,-0.22710958843443296,684,-1.9817935174968436e-05
5_29_0.04,5,29,0.04,-0.0060502542930234845,-0.008767064236206731,0.2262006380451308,0.24121371714628825,703,2.7139341776606283e-05
6_27_0.01,6,27,0.01,-0.00262955547943222,-0.003805370516190157,0.2768669651354364,0.42774124273358693,837,4.264268916906341e-05
5_32_0.03,5,32,0.03,-0.008278544015612677,-0.011876917322480456,0.25377011772259805,0.11368049156702509,663,1.3398190972477833e-05
5_35_0.02,5,35,0.02,-0.01014824979558421,-0.014445648770473614,0.40437853972705595,-0.14972757232684164,684,-6.047137393619156e-06
6_25_1,6,25,1.0,-0.009290463421205559,-0.01350672098001258,0.32962997731563215,0.08180273108953862,737,1.3230059179535565e-05
5_25_0.03,5,25,0.03,-0.009929082553335434,-0.013980973694660614,0.2792708047898722,0.04352979028490478,776,7.179762575804754e-06
5_28_0.02,5,28,0.02,-0.0017940567423903537,-0.0025884204849997003,0.20722513171275314,0.5021987910601273,739,5.595346441090787e-05
5_31_0.01,5,31,0.01,-0.003943308239380186,-0.005655297921392734,0.28557829973015336,0.3433480367213133,803,3.5388511873340624e-05
6_30_0.01,6,30,0.01,-0.004320909705219595,-0.006231471181750464,0.23497117700539294,0.32983087689187984,805,3.456278452778087e-05
5_34_0.005,5,34,0.005,-0.0009781782746712084,-0.0014277975826855489,0.15752548002574618,0.5884208286254393,919,5.5216113058866917e-05
5_26_1,5,26,1.0,-0.008382281008955834,-0.012177192309168413,0.31361210754932034,0.11168253421360652,747,1.780385698501345e-05
6_28_0.05,6,28,0.05,-0.010551252993975302,-0.015276740736301515,0.4342271642252843,-0.06183901687165383,681,2.7153102164272102e-06
5_29_0.05,5,29,0.05,-0.008510709327827153,-0.012376078648823112,0.31732089685912357,0.10508410535771273,701,1.6909665844507437e-05
5_32_0.04,5,32,0.04,-0.007863096052022277,-0.011279826959832321,0.24926821969905244,0.13741249807280398,661,1.586548703640983e-05
6_27_0.02,6,27,0.02,-0.004743668463085121,-0.006809408185606966,0.23826966434488372,0.3246540181893547,741,3.272068211177102e-05
5_35_0.03,5,35,0.03,-0.012237328577435298,-0.017237539588501896,0.5048959627690518,-0.19664417487428854,663,-1.1170938780181235e-05
5_25_0.04,5,25,0.04,-0.006439948117297673,-0.009336534991314616,0.23673285592881121,0.23106412332315807,769,2.439301272224134e-05
6_26_0.005,6,26,0.005,0.005631161608904518,0.008438657310185383,0.10019460161200566,1.037239394685213,995,9.295373479240214e-05
5_28_0.03,5,28,0.03,-0.0156728877397188,-0.022071638903987965,0.3594650895868362,-0.24561771963336643,726,-1.9279983818843686e-05
6_30_0.02,6,30,0.02,-0.0058196967777303914,-0.008309122589388877,0.3463783057007982,0.20127444553103402,693,2.7729280134591622e-05
5_27_0.005,5,27,0.005,0.009016118879457352,0.01342951492521928,0.08130550923916857,1.256487701052678,991,0.00010912969413014829
5_34_0.01,5,34,0.01,-0.006880830294262302,-0.009802513661506158,0.2729884689094323,0.15385867665165365,791,1.6210227231431986e-05
6_28_1,6,28,1.0,-0.010551252993975302,-0.015276740736301515,0.4342271642252843,-0.06183901687165383,681,2.7153102164272102e-06
5_31_0.02,5,31,0.02,-0.004442309039093015,-0.006374277861207853,0.2124243892009403,0.3378442912660573,694,3.807944471128536e-05
5_29_1,5,29,1.0,-0.008510709327827153,-0.012376078648823112,0.31732089685912357,0.10508410535771273,701,1.6909665844507437e-05
5_32_0.05,5,32,0.05,-0.010589561572312119,-0.015220843551761492,0.35374560260461374,-0.0027208747333599126,659,5.736346370900717e-06
6_27_0.03,6,27,0.03,-0.01715319820135722,-0.02410477587791514,0.39113950178570833,-0.29396362274112375,710,-2.4668509572788616e-05
5_35_0.04,5,35,0.04,-0.009612754795307403,-0.013758465209791515,0.29954699243746385,-0.001190062401332681,657,2.8931354836576545e-06
5_25_0.05,5,25,0.05,-0.009040425974309948,-0.013156147331780952,0.30418880166077156,0.09200016503310349,767,1.4432598479470168e-05
6_26_0.01,6,26,0.01,-0.0014052342996447819,-0.0020386024383216897,0.18458303634381745,0.5354266410822128,855,4.978606977930123e-05
5_28_0.04,5,28,0.04,-0.006889319523996845,-0.009976565423412022,0.2538635733782577,0.18501922128984938,719,2.1690038251838638e-05
6_30_0.03,6,30,0.03,-0.01311722059589381,-0.018492982261964913,0.4476641043385814,-0.1739651909141794,665,-1.8025456081189895e-05
5_34_0.02,5,34,0.02,-0.011319002908653062,-0.01608572065538254,0.45287448021228693,-0.20823894477253901,680,-9.261242276556425e-06
5_27_0.01,5,27,0.01,0.0003622232470083486,0.0005252051265680059,0.1621858655858971,0.6602772411386988,863,6.461142842115112e-05
6_29_0.005,6,29,0.005,0.004043453670229691,0.005974092587951634,0.12321226915997807,0.9343720562762998,937,8.369074987068739e-05
5_31_0.03,5,31,0.03,-0.007317721990320297,-0.010577492304101793,0.26314214438086725,0.15091956011439422,673,1.8823679600875174e-05
5_30_0.005,5,30,0.005,0.005899971433296617,0.00878045991276104,0.11808965715074149,1.0618174053466505,947,9.741390757989898e-05
5_32_1,5,32,1.0,-0.010589561572312119,-0.015220843551761492,0.35374560260461374,-0.0027208747333599126,659,5.736346370900717e-06
6_27_0.04,6,27,0.04,-0.015608458325158038,-0.022234981025270387,0.32727097637694,-0.20149862167752397,704,-2.2367656177235595e-05
5_35_0.05,5,35,0.05,-0.01207348667152282,-0.017309689089443983,0.42505443364082107,-0.13783376678650827,655,-7.0348245451217385e-06
5_25_1,5,25,1.0,-0.009040425974309948,-0.013156147331780952,0.30418880166077156,0.09200016503310349,767,1.4432598479470168e-05
6_26_0.02,6,26,0.02,-0.006077091172152141,-0.008672835226212667,0.2507642957316607,0.21470404726589654,753,2.7109235242488565e-05
6_30_0.04,6,30,0.04,-0.009485800976758177,-0.013375153591158285,0.28666724872215255,0.013587406408746006,657,4.489558100082074e-06
5_28_0.05,5,28,0.05,-0.00928545830855047,-0.01349268085522747,0.37479287163346064,0.048889609501273856,717,1.1470011877566358e-05
6_29_0.01,6,29,0.01,-0.0036119125550852066,-0.005217105454186902,0.22161730570338978,0.3771787735579315,817,3.811303378150546e-05
5_30_0.01,5,30,0.01,-0.002113522513328229,-0.003050344945952853,0.22106897434428785,0.4870842848674035,815,5.0364346538891245e-05
5_33_0.005,5,33,0.005,0.0010004350679884671,0.0014667528302708607,0.1513641229992948,0.722432026990163,931,6.630718913445166e-05
5_34_0.03,5,34,0.03,-0.012923520816733309,-0.018184881344454354,0.5012119249438718,-0.20612681780707176,657,-1.3908143793411394e-05
5_27_0.02,5,27,0.02,-0.0008441751863863712,-0.0012247997822668623,0.21423833809885784,0.5813878560245413,755,5.98613007150142e-05
5_31_0.04,5,31,0.04,-0.006826160593995806,-0.009857981271753396,0.24360213127821828,0.18463440462498082,671,2.182983898227898e-05
6_27_0.05,6,27,0.05,-0.010159919423725617,-0.014739322460948542,0.3762950042237748,0.005337596440827985,701,6.59584673871782e-06
5_35_1,5,35,1.0,-0.01207348667152282,-0.017309689089443983,0.42505443364082107,-0.13783376678650827,655,-7.0348245451217385e-06
5_26_0.005,5,26,0.005,0.005784134317414787,0.008599112702286535,0.09728775644765486,1.0409127633562951,1031,8.881540804708017e-05
5_28_1,5,28,1.0,-0.00928545830855047,-0.01349268085522747,0.37479287163346064,0.048889609501273856,717,1.1470011877566358e-05
6_26_0.03,6,26,0.03,-0.015788908748339887,-0.02222483813803042,0.33391261916248616,-0.2408672360006079,722,-1.7792725549300353e-05
6_30_0.05,6,30,0.05,-0.012352882394317102,-0.0176931653251581,0.4682435234557658,-0.14429515340144694,653,-6.438821980469091e-06
6_29_0.02,6,29,0.02,-0.006374740099865897,-0.009091208069231768,0.38698021987598485,0.11682315617125982,715,2.407279598920494e-05
5_33_0.01,5,33,0.01,-0.00794209129367181,-0.011331365797472244,0.26498858682213455,0.10597290272239546,809,1.159773192859348e-05
6_27_1,6,27,1.0,-0.010159919423725617,-0.014739322460948542,0.3762950042237748,0.005337596440827985,701,6.59584673871782e-06
5_30_0.02,5,30,0.02,-0.005070734667629605,-0.0072910894353569785,0.21030143922684463,0.29513766149538756,714,3.458480744561879e-05
5_27_0.03,5,27,0.03,-0.009400871687879975,-0.013237551067199909,0.2751365385106983,0.07262176801122844,738,9.826940159737232e-06
5_31_0.05,5,31,0.05,-0.010498948369887863,-0.014626187011658257,0.3141127473286408,-0.011047410102196897,670,1.6397408045088092e-06
5_34_0.04,5,34,0.04,-0.012187150768763907,-0.017144347958011945,0.4330740686845168,-0.1348883891248971,653,-8.39739438371815e-06
6_25_0.005,6,25,0.005,0.008932371481910461,0.013431446637346687,0.09467946774230962,1.2438170711609486,1011,0.00010519844223484298
5_26_0.01,5,26,0.01,-0.0003109259780639401,-0.0004504313918690861,0.20783952049453014,0.6049240883911502,885,5.675255297426917e-05
6_30_1,6,30,1.0,-0.012352882394317102,-0.0176931653251581,0.4682435234557658,-0.14429515340144694,653,-6.438821980469091e-06
5_29_0.005,5,29,0.005,0.006462773607016626,0.009626224425634563,0.09544706995618157,1.0984000655789554,967,9.949787500362948e-05
6_26_0.04,6,26,0.04,-0.013898378119971749,-0.019958017332875107,0.2623516444023427,-0.14812553225318237,718,-1.2746366033786554e-05
6_29_0.03,6,29,0.03,-0.01911437591800122,-0.02673613753116828,0.5292104226112025,-0.463335138081317,686,-3.814909491125094e-05
5_30_0.03,5,30,0.03,-0.010061277360148856,-0.014474660394124424,0.4326875125973786,-0.03826207112202973,693,4.931468705926278e-06
6_28_0.005,6,28,0.005,0.0049915283508451085,0.007402571415006396,0.12664545591624654,1.0026105979458482,947,8.992836984423117e-05
5_33_0.02,5,33,0.02,-0.009680419433122818,-0.01378669939511705,0.334171127438987,-0.012945833674136376,686,6.550995071747947e-06
5_31_1,5,31,1.0,-0.009347759908904279,-0.013555651568726923,0.35803731350508716,0.04450103181881726,669,1.1664096851991996e-05
5_27_0.04,5,27,0.04,-0.005242327285725427,-0.0076047649573604435,0.22094725806071291,0.2956978041187348,731,3.284109908239049e-05
5_34_0.05,5,34,0.05,-0.012572414908435076,-0.01801396184440818,0.42446249272409775,-0.1344020915774481,649,-8.546650669530414e-06
6_25_0.01,6,25,0.01,-0.002492503353211676,-0.003610642484550493,0.18240207999754066,0.4703845726619509,881,4.31160385619966e-05
6_31_0.005,6,31,0.005,0.0016700764693066057,0.0024536920606478604,0.15097453286172047,0.7663430531022732,903,6.961194710129456e-05
5_26_0.02,5,26,0.02,-0.007463814550355917,-0.01073177089240096,0.22243398828719763,0.18711512723835244,772,2.0055623682603433e-05
6_26_0.05,6,26,0.05,-0.009776607553298051,-0.014190104497168371,0.3696081860774795,0.018217669680316906,715,9.77337595432206e-06
5_29_0.01,5,29,0.01,-0.0024360011975898045,-0.0035255843245764807,0.2451541854887993,0.43355719446617846,833,4.9385963614404954e-05
6_29_0.04,6,29,0.04,-0.009252039927054905,-0.013324221940271719,0.3535912628868123,0.007698649551479031,677,6.153621241023904e-06
6_28_0.01,6,28,0.01,-0.003248758750112125,-0.004684094542135134,0.2706701635254509,0.37149861441746257,819,4.085851898119742e-05
5_30_0.04,5,30,0.04,-0.0072725862893530824,-0.010517994670243109,0.261800728870485,0.15136616285727333,689,1.9498865188243242e-05
5_33_0.03,5,33,0.03,-0.012258875111837072,-0.017390733534784257,0.3932512202095293,-0.0967062432457676,665,-1.0861962834203174e-05
5_27_0.05,5,27,0.05,-0.007731881905721636,-0.011256916269406352,0.28138372657787725,0.1595681923301593,729,2.2674750345005093e-05
5_34_1,5,34,1.0,-0.012572414908435076,-0.01801396184440818,0.42446249272409775,-0.1344020915774481,649,-8.546650669530414e-06
5_32_0.005,5,32,0.005,0.004306927496068614,0.0063444774711238616,0.1456329231361253,0.9489567808700692,917,8.996934349253383e-05
6_25_0.02,6,25,0.02,-0.006566499462520756,-0.00940613905387538,0.2379264219332854,0.2275248058115329,775,2.2925951118557985e-05
6_34_0.005,6,34,0.005,9.181295073285264e-05,0.00013391508054657307,0.1250563419212094,0.6576209435717715,873,6.402138893220601e-05
6_32_0.04,6,32,0.04,-0.009721827226361382,-0.013708969464160623,0.2942562950982265,-0.011623327735826194,633,2.724890974591916e-06
6_31_0.01,6,31,0.01,-0.004587276936171217,-0.006580736364865408,0.23748595280193274,0.31583076508694985,787,3.107821899305752e-05
6_35_0.03,6,35,0.03,-0.011870125707454191,-0.01672584385872744,0.4182406797433965,-0.14569660478462299,619,-1.0293130609262563e-05
7_25_1,7,25,1.0,-0.011385739896661322,-0.01652948708270936,0.45368341390683686,-0.06424056605812578,687,2.507631673787717e-06
7_28_0.05,7,28,0.05,-0.01134538593700391,-0.016290092835878258,0.41614182752597384,-0.08711817226966345,653,6.469467162642119e-07
7_30_0.01,7,30,0.01,-0.002887387028998828,-0.004191889961863286,0.15264246744133925,0.43658088763554237,761,4.425788041613125e-05
7_33_0.005,7,33,0.005,0.0004409192291152832,0.0006440772735872762,0.16666115793173275,0.6845133918917283,833,6.503647627724459e-05
7_27_0.02,7,27,0.02,-0.004881688743292215,-0.006988928627761393,0.30833475119254905,0.2677390525067609,693,3.487175789680705e-05
7_31_0.04,7,31,0.04,-0.012236689013188733,-0.017028059358029705,0.4116456946848621,-0.17269755108497886,629,-9.42148427510137e-06
7_34_0.03,7,34,0.03,-0.012377215482059818,-0.017478734497804186,0.4248887625559731,-0.1845141933139538,589,-1.5284714477150777e-05
7_35_1,7,35,1.0,-0.010841863424325904,-0.015332031134932969,0.2483102356713589,-0.10531262056765966,562,-1.319990356484587e-05
6_32_0.05,6,32,0.05,-0.01246856033539305,-0.017877120148626198,0.4800168386261402,-0.16657555290805315,629,-7.739458207545625e-06
6_35_0.04,6,35,0.04,-0.010802541367792892,-0.015407038430229992,0.3745960193144775,-0.08624703374025267,611,-4.322290153435318e-06
6_31_0.02,6,31,0.02,-0.006397681630347143,-0.00912805759430071,0.3393281436133957,0.16571665871690033,677,2.3361453516133314e-05
6_34_0.01,6,34,0.01,-0.007406072578720856,-0.010624473276462168,0.20396531017089836,0.13695402315533212,769,1.4364752786483706e-05
7_26_0.005,7,26,0.005,0.007215365913588985,0.010724711064975816,0.11435391664719974,1.1494778968191772,937,0.00010417854861678727
7_28_1,7,28,1.0,-0.01134538593700391,-0.016290092835878258,0.41614182752597384,-0.08711817226966345,653,6.469467162642119e-07
7_33_0.01,7,33,0.01,-0.0052044619969592925,-0.00749747892938461,0.20016274562784697,0.2719474991981121,723,2.5617243960711396e-05
7_30_0.02,7,30,0.02,-0.007820869359445136,-0.01113146215746018,0.33688949562998005,0.08072563240295105,664,1.9814094349190682e-05
7_27_0.03,7,27,0.03,-0.012831216183286052,-0.018269057208723197,0.2656746073098376,-0.10537730724732386,658,-6.371633169541862e-06
7_31_0.05,7,31,0.05,-0.014794391278713993,-0.020598152111136685,0.41482812403514613,-0.26405103635854243,626,-2.1203853494078265e-05
7_34_0.04,7,34,0.04,-0.010926130101777096,-0.015338500551005003,0.34606677328465396,-0.0971529069767445,581,-6.763675740848054e-06
8_25_0.005,8,25,0.005,0.005436389795475575,0.00802663489068474,0.09890965166595378,1.0102993640346862,939,9.341019160581645e-05
6_32_1,6,32,1.0,-0.01246856033539305,-0.017877120148626198,0.4800168386261402,-0.16657555290805315,629,-7.739458207545625e-06
6_35_0.05,6,35,0.05,-0.007661798286737058,-0.010692516913591228,0.504263136152323,0.036092178653379436,611,1.2186563491173262e-05
6_34_0.02,6,34,0.02,-0.011538540824563884,-0.01650202579991036,0.24856660793329755,-0.09731201351525864,656,-9.858845527039833e-06
6_31_0.03,6,31,0.03,-0.012559565980247236,-0.017816181498231918,0.4522379839084706,-0.1625611896044643,647,-1.3395575993417656e-05
7_26_0.01,7,26,0.01,-0.0037146807431713055,-0.005335168054252538,0.2992743251934452,0.35339846670979536,831,3.7254595163322725e-05
7_29_0.005,7,29,0.005,0.0035539771818412064,0.0052460174554012475,0.11253025265844785,0.8960105602475592,899,8.05061569381329e-05
7_30_0.03,7,30,0.03,-0.009778237189961968,-0.013852361159263412,0.28163535577257415,-0.0028387414205233163,635,4.607928469110449e-06
7_33_0.02,7,33,0.02,-0.010010009454768067,-0.014159521557728568,0.4187145783621754,-0.14945869297342917,619,-6.7263209241024295e-06
7_27_0.04,7,27,0.04,-0.012397322151511028,-0.01763682943510791,0.27420070949801445,-0.08265903815647768,656,-4.527896232244714e-06
7_31_1,7,31,1.0,-0.012585177998138916,-0.018050634559311243,0.44554953763370175,-0.17028181463253134,625,-7.777194154023605e-06
7_34_0.05,7,34,0.05,-0.015741292364823488,-0.02184681009309261,0.47233656662542256,-0.31994898255813964,578,-2.7984084866206827e-05
8_25_0.01,8,25,0.01,-0.0031177122125077778,-0.00447179308215422,0.2613446807248845,0.40452456765452105,819,4.653873227544668e-05
6_33_0.005,6,33,0.005,0.0029053127945074947,0.0042743608546051476,0.15835646237174483,0.8537658441744289,863,8.22072062235156e-05
6_35_1,6,35,1.0,-0.01308626348558413,-0.018668824575712985,0.4949564234729471,-0.22135300631786137,609,-1.4012661740828437e-05
6_34_0.03,6,34,0.03,-0.012283213337589614,-0.017298920642735173,0.42574892052312985,-0.14025579137270072,627,-1.3633818326622302e-05
6_31_0.04,6,31,0.04,-0.009741950680373203,-0.01372360503006017,0.3039056677092823,-0.007331179999404136,641,2.7330970083193817e-06
7_26_0.02,7,26,0.02,-0.00501633743979372,-0.0071211911274571705,0.2527867613712619,0.2784425477226127,721,3.493734335750736e-05
7_29_0.01,7,29,0.01,-0.004009126152247547,-0.005803422005451392,0.1586382699297212,0.3587358181942213,787,3.7592336028954664e-05
7_30_0.04,7,30,0.04,-0.011259298170510286,-0.015719476367754556,0.3462785186771803,-0.08786288514206675,631,-1.3522824007045538e-06
7_33_0.03,7,33,0.03,-0.01318071170361957,-0.018553929422903744,0.45002641167215196,-0.19296686932782214,589,-1.888796237999113e-05
7_27_0.05,7,27,0.05,-0.010144622924495864,-0.014697297313180936,0.39296741828994064,-0.008586396335778068,653,8.238803405739673e-06
7_32_0.005,7,32,0.005,0.0010201036093157516,0.0014969604106181843,0.1651678407677707,0.7211471605909567,861,6.967701623559969e-05
7_34_1,7,34,1.0,-0.013362685482003788,-0.01910207639841599,0.48779433875537637,-0.22604360465116324,577,-1.4829044807701552e-05
8_25_0.02,8,25,0.02,-0.0061842036308588505,-0.008767071167476504,0.24899265948100135,0.2072359857822692,711,2.7748748195900335e-05
6_33_0.01,6,33,0.01,-0.004040008004524427,-0.005842359989787679,0.18429043892626096,0.3667839965035562,759,3.3228806978657536e-05
7_25_0.005,7,25,0.005,0.007333296882166007,0.01096143294980196,0.1098831412678678,1.1351056172134326,951,9.923853714797486e-05
6_34_0.04,6,34,0.04,-0.012092335468327657,-0.016776980285690243,0.4466910507037921,-0.16368607211331165,623,-9.732450317344982e-06
6_31_0.05,6,31,0.05,-0.012471630717887377,-0.01786095723053739,0.4879460048287326,-0.16228340517163087,637,-7.865670367562791e-06
7_26_0.03,7,26,0.03,-0.011566781719388674,-0.01654657288911748,0.2383336511934474,-0.03982358950124132,688,-2.445294471519738e-06
7_29_0.02,7,29,0.02,-0.011063909664989236,-0.01565221971522467,0.41293075696625414,-0.15324321225429927,690,-2.128192103060198e-06
7_33_0.04,7,33,0.04,-0.0124075860917646,-0.017228202921692557,0.4338691337215079,-0.17467212579408697,583,-1.1063152870587317e-05
7_30_0.05,7,30,0.05,-0.013619566564536464,-0.019016448000458545,0.39516681688239863,-0.17921637041563032,628,-1.3127657762568686e-05
7_27_1,7,27,1.0,-0.010144622924495864,-0.014697297313180936,0.39296741828994064,-0.008586396335778068,653,8.238803405739673e-06
7_32_0.01,7,32,0.01,-0.00455444001226793,-0.006568379378001848,0.16864847183895604,0.320014564607497,739,3.199795930813421e-05
7_35_0.005,7,35,0.005,0.00043290334290317894,0.0006341748335044646,0.1765137757120362,0.6802328075066912,827,6.562935277276631e-05
8_25_0.03,8,25,0.03,-0.01254342986061407,-0.017872962500546968,0.2646351320919458,-0.12046842289532878,678,-8.477152696098208e-06
6_33_0.02,6,33,0.02,-0.010959064574687214,-0.015641153409983975,0.24861379965134112,-0.05165547528348613,644,-5.666624511005402e-06
7_25_0.01,7,25,0.01,-0.0030440687791631407,-0.004391793707460527,0.19995787060032677,0.44255198015165687,845,4.133561448290343e-05
6_34_0.05,6,34,0.05,-0.014523297156059371,-0.02016726331119451,0.45440628285699247,-0.2502462267724621,620,-2.0890043791834957e-05
6_31_1,6,31,1.0,-0.012471630717887377,-0.01786095723053739,0.4879460048287326,-0.16228340517163087,637,-7.865670367562791e-06
7_26_0.04,7,26,0.04,-0.015039599809135374,-0.02157368371723911,0.327280355326688,-0.21310278749911726,686,-1.7060706210885407e-05
7_30_1,7,30,1.0,-0.01157877881086069,-0.016643201421385853,0.3859991625768625,-0.08544714868961922,627,1.2619391867106558e-07
7_29_0.03,7,29,0.03,-0.009357250384482665,-0.013264174698605012,0.31146120874301986,0.007840403251674566,653,6.3344628537693184e-06
7_33_0.05,7,33,0.05,-0.014944457834969773,-0.020764948082785617,0.4550375409778278,-0.2641613413081877,580,-2.278267811422113e-05
7_28_0.005,7,28,0.005,0.004848263065596403,0.0071612577305100195,0.10798622430739158,0.9793729315638608,905,8.822798863053718e-05
7_32_0.02,7,32,0.02,-0.01287374304440881,-0.018190488531586176,0.3135922140383878,-0.18019757648414558,636,-1.0755834454724812e-05
7_35_0.01,7,35,0.01,-0.007780035255600012,-0.011166544306225554,0.2950658827094812,0.044900073523521655,716,9.896694541242857e-06
8_25_0.04,8,25,0.04,-0.016362346545731002,-0.023278614511396317,0.3788125500872477,-0.25122802973217173,666,-1.5111319668068864e-05
7_25_0.02,7,25,0.02,-0.0048233046561231485,-0.006882944281626533,0.22228628652331384,0.3180638068878452,725,3.4265402174618754e-05
6_34_1,6,34,1.0,-0.012339795149065807,-0.01767356093162676,0.46281845135202937,-0.15647700504645057,619,-7.682768728085841e-06
6_33_0.03,6,33,0.03,-0.012244420748290795,-0.01727354404230301,0.42068344069457086,-0.1291639749992548,623,-1.2799792748267314e-05
6_32_0.005,6,32,0.005,0.0004368290700115031,0.0006396526286637178,0.1458831327290887,0.6812724998348467,893,6.323998164511747e-05
7_26_0.05,7,26,0.05,-0.010668897177138746,-0.015475610586210388,0.44784240042692103,-0.049109374797388416,683,5.442569618402898e-06
7_31_0.005,7,31,0.005,0.0016543698179991332,0.002430740051288505,0.09971525927735903,0.7696940198752247,889,6.982139647444547e-05
7_33_1,7,33,1.0,-0.012730798425694283,-0.01821763012641277,0.46580101839716204,-0.17039211958217604,579,-9.378767727324195e-06
7_29_0.04,7,29,0.04,-0.008742096320721508,-0.012373022743613437,0.32001614665318157,0.04846689182422681,649,9.680961251369737e-06
7_28_0.01,7,28,0.01,-0.004651713860373242,-0.0066697939528903615,0.33183148043092026,0.24143780175574947,795,3.472787970821719e-05
7_32_0.03,7,32,0.03,-0.01299848194866668,-0.018336820046100447,0.41384149900149036,-0.1651395139905858,609,-1.5490195170534745e-05
7_35_0.02,7,35,0.02,-0.010916510687913935,-0.015498688860271366,0.41572527570198914,-0.19226420423524648,605,-1.4751245703721071e-05
8_25_0.05,8,25,0.05,-0.010714112790990651,-0.015561340366987043,0.4315712267397023,-0.0402902906508491,665,7.757284394332135e-06
6_35_0.005,6,35,0.005,-0.0012084680673249016,-0.001760679076314681,0.1657383552356586,0.5697967195888631,869,5.52356687470946e-05
7_25_0.03,7,25,0.03,-0.011916067729691572,-0.017079073063188368,0.24789427786827334,-0.050362049266422626,694,-4.956081131030918e-06
6_32_0.01,6,32,0.01,-0.005743913209766436,-0.0082603772459649,0.2164130233492565,0.2558967299961752,775,2.3426014298365842e-05
6_33_0.04,6,33,0.04,-0.011113703085304023,-0.015475444960858226,0.3799273734076337,-0.0836801827212007,617,-2.8327240372089044e-06
7_26_1,7,26,1.0,-0.010668897177138746,-0.015475610586210388,0.44784240042692103,-0.049109374797388416,683,5.442569618402898e-06
7_34_0.005,7,34,0.005,0.0009734511208951069,0.001425900088234553,0.1697059846336011,0.7175905305232693,839,6.847215592956045e-05
7_31_0.01,7,31,0.01,-0.0043439897017458545,-0.006270966725651128,0.1752344049716873,0.33746833449685787,765,3.347966229423513e-05
7_29_0.05,7,29,0.05,-0.011574535508273389,-0.016613145622848022,0.430187904458453,-0.10934703823953229,645,-1.2209418540770023e-06
7_28_0.02,7,28,0.02,-0.008307578657406233,-0.011833740319884153,0.35349468601390344,0.05437033813933301,696,1.4838314155261292e-05
7_32_0.04,7,32,0.04,-0.011841865396906381,-0.016483464664083392,0.37313801454980267,-0.1195385189238296,603,-5.405152292701794e-06
7_35_0.03,7,35,0.03,-0.010144073263220471,-0.014448804022007948,0.32488880740154125,-0.08932427513812946,573,-8.451971608841833e-06
8_25_1,8,25,1.0,-0.010714112790990651,-0.015561340366987043,0.4315712267397023,-0.0402902906508491,665,7.757284394332135e-06
6_35_0.01,6,35,0.01,-0.009052287932399268,-0.012950148271526995,0.2524600445548266,0.008899954862053194,761,2.9512053654098645e-06
7_25_0.04,7,25,0.04,-0.013850564744808287,-0.019706327128929668,0.26830599858431614,-0.13863012435470679,690,-9.996968942208434e-06
6_33_0.05,6,33,0.05,-0.013558750406334868,-0.01889441876404099,0.40151810655629994,-0.17444095719540897,614,-1.4626928466901229e-05
6_32_0.02,6,32,0.02,-0.012157153389926506,-0.017372522279156703,0.35543474482913384,-0.15412671273901002,666,-9.37494951792039e-06
7_27_0.005,7,27,0.005,0.006326026029602282,0.00942835171376471,0.10849672834809965,1.0791049731796778,895,9.872228797310843e-05
7_34_0.01,7,34,0.01,-0.006373007407936089,-0.009148045027583913,0.3100902385048745,0.13377744186046536,722,1.896174456352849e-05
7_31_0.02,7,31,0.02,-0.008496720029056659,-0.012075252761273865,0.37959059982457455,-0.012401745140413367,667,8.308082617344658e-06
7_29_1,7,29,1.0,-0.011574535508273389,-0.016613145622848022,0.430187904458453,-0.10934703823953229,645,-1.2209418540770023e-06
7_28_0.03,7,28,0.03,-0.009140361951859266,-0.012960133123106907,0.29796111184835894,0.02847563549706633,661,8.122813463892325e-06
7_32_0.05,7,32,0.05,-0.01429898261199205,-0.019911682211069214,0.3932001598651639,-0.20902773443793055,600,-1.6939459984512192e-05
7_35_0.04,7,35,0.04,-0.009892985597250182,-0.014002193325036674,0.30693427592761013,-0.07643118270959692,565,-7.37060526120796e-06
8_26_0.005,8,26,0.005,0.004722071111879557,0.006956826250286403,0.10358713997556823,0.971631656636367,913,9.13177455741104e-05
6_33_1,6,33,1.0,-0.011415447455995296,-0.016392268456682034,0.41583603200149866,-0.08063095733335013,613,-1.2124340744190174e-06
7_25_0.05,7,25,0.05,-0.011385739896661322,-0.01652948708270936,0.45368341390683686,-0.06424056605812578,687,2.507631673787717e-06
6_35_0.02,6,35,0.02,-0.011217829278837894,-0.015979175975881457,0.2658976450954751,-0.08542936927339595,644,-9.178857196300653e-06
6_32_0.03,6,32,0.03,-0.013677434821327003,-0.019244922184499056,0.4797287703958184,-0.22176213283151758,641,-2.110590181311429e-05
7_27_0.01,7,27,0.01,-0.003802591751321798,-0.005465624034078993,0.3190156069360176,0.3145701831101799,797,4.173990879110828e-05
7_34_0.02,7,34,0.02,-0.009462002674613638,-0.013440357615145601,0.27062630255692743,-0.023302805232558232,613,-1.537394513443685e-06
7_31_0.03,7,31,0.03,-0.013454357445352392,-0.018968011390221435,0.453351499976428,-0.2182791266750741,635,-1.9520481784290847e-05
7_30_0.005,7,30,0.005,0.004118699095490689,0.006081735406360371,0.1127671787353578,0.9344654201239881,881,8.388485450800863e-05
7_28_0.04,7,28,0.04,-0.008513454257357772,-0.0120527902771682,0.30653293771711343,0.06954432090458673,657,1.154491664371962e-05
7_32_1,7,32,1.0,-0.012149489040864445,-0.017417976914350427,0.41174736899380204,-0.11525851271191923,599,-3.6232415654961773e-06
7_35_0.05,7,35,0.05,-0.010841863424325904,-0.015332031134932969,0.2483102356713589,-0.10531262056765966,562,-1.319990356484587e-05
8_26_0.01,8,26,0.01,-0.003323071992464754,-0.004752124744749639,0.2441869544566554,0.39949941143671275,795,4.711859028268786e-05
8_26_0.02,8,26,0.02,-0.004788865200704588,-0.006825881724245035,0.24733527949088785,0.3289028949821555,695,3.419065810472588e-05
8_27_0.05,8,27,0.05,-0.011550295152169803,-0.016619515743406713,0.40637923744918325,-0.08133627638989371,641,2.292026518403597e-06
8_29_0.01,8,29,0.01,-0.002076784282058933,-0.002998490221218097,0.23951520054697584,0.4734436931517747,745,5.21391317679918e-05
8_30_0.04,8,30,0.04,-0.01801398628295978,-0.02499023330567164,0.44520931913089923,-0.36728069353934634,594,-2.8364992866097147e-05
8_32_0.005,8,32,0.005,0.0007427519136873033,0.001086480413133759,0.13614953938132945,0.702336369912802,855,6.609172338859298e-05
8_33_0.03,8,33,0.03,-0.011747278375127236,-0.016529552587791103,0.4055439421558982,-0.14502140362203886,581,-1.0162039581287658e-05
8_34_1,8,34,1.0,-0.011443614902468266,-0.016151395229152175,0.26282919544929506,-0.14350263155978993,548,-1.748174643665559e-05
9_25_0.02,9,25,0.02,-0.006078266290847866,-0.008669528934020829,0.3330427147185566,0.18036173949627043,699,3.004678987592228e-05
9_28_0.01,9,28,0.01,-0.004034041084514072,-0.005815226214534574,0.2550463975210976,0.3294570089458726,743,3.8801532030603665e-05
9_26_0.05,9,26,0.05,-0.02078035595668721,-0.029438390588913888,0.43913565651096065,-0.35109737876820823,642,-3.4126158635661334e-05
9_29_0.04,9,29,0.04,-0.00985414914427089,-0.013893719979008476,0.31925318917645396,-0.008335785080029079,584,2.052036762113516e-06
9_31_0.005,9,31,0.005,0.0003873222344234138,0.0005651664505161374,0.16319179343610113,0.6715678878999254,829,6.925429988202217e-05
8_27_1,8,27,1.0,-0.011550295152169803,-0.016619515743406713,0.40637923744918325,-0.08133627638989371,641,2.292026518403597e-06
8_26_0.03,8,26,0.03,-0.0104785341672077,-0.014869747889021701,0.42671168967378714,-0.10102133379822786,659,-1.1544041901223699e-06
8_29_0.02,8,29,0.02,-0.01079389995370885,-0.015259363243093304,0.33721210760462017,-0.1168047857327078,652,2.2599598977924714e-06
8_30_0.05,8,30,0.05,-0.014181411011761553,-0.01978589476633159,0.4084606934835181,-0.20180790504608292,592,-1.4056534463308922e-05
8_32_0.01,8,32,0.01,-0.0033210044608087672,-0.004787392064182411,0.2277759144199093,0.37131151889534886,733,4.0933584693118624e-05
8_33_0.04,8,33,0.04,-0.009999012815970557,-0.014043481617660359,0.3127782138191323,-0.03921932818524321,573,-1.3724178995591811e-07
8_35_0.005,8,35,0.005,-0.002638332744687001,-0.003871606616658595,0.1391880762576294,0.48574981619120283,805,4.2102514544659936e-05
9_28_0.02,9,28,0.02,-0.008293998165675474,-0.011769670403060718,0.3733894179569802,0.019840100970660357,644,1.4157642027252616e-05
9_26_1,9,26,1.0,-0.010554260965574656,-0.015244981312336215,0.32231575804927437,0.031607361291411395,641,1.1141018022190118e-05
9_25_0.03,9,25,0.03,-0.007988497323896894,-0.011234692658127496,0.19936596770549142,0.1494571818408421,663,1.602742955513954e-05
9_29_0.05,9,29,0.05,-0.013747662491292237,-0.01921129063623009,0.4337105842374078,-0.20060412383313952,584,-1.3355656728566199e-05
9_31_0.01,9,31,0.01,-0.0025880994951971727,-0.003730800655855589,0.3408826682472673,0.35956574790187634,717,4.491727033683908e-05
8_30_1,8,30,1.0,-0.012034497849303358,-0.017283589814924394,0.42758584532082045,-0.10872283928115956,591,-5.02879202068862e-07
8_26_0.04,8,26,0.04,-0.01152992333134279,-0.016595977878987082,0.4088057376417049,-0.06964713577873971,647,3.387614081680339e-06
8_29_0.03,8,29,0.03,-0.010982698614808415,-0.015231825585437448,0.4155217566793803,-0.11787474624061467,617,-6.416043167263355e-07
8_28_0.005,8,28,0.005,0.0033732812183984986,0.004959191153994113,0.12903984323304873,0.8831992268713482,875,8.382465052660549e-05
8_32_0.02,8,32,0.02,-0.012660090547327814,-0.017857694780431733,0.36207326404469553,-0.2259822819767442,632,-1.3686034310392784e-05
8_33_0.05,8,33,0.05,-0.015072832769542155,-0.020707691278419364,0.5014876996055263,-0.32115081193031436,570,-2.7641069544587583e-05
8_35_0.01,8,35,0.01,-0.007977817933090972,-0.011461300268073715,0.2938066561904795,0.015061017245269426,696,8.067224400818752e-06
9_28_0.03,9,28,0.03,-0.010114667798364198,-0.01404897234564274,0.42687463381988977,-0.07434009592789192,609,2.396352449744092e-06
9_25_0.04,9,25,0.04,-0.016068850242257626,-0.02277511694398997,0.296020023317379,-0.18488102665031736,652,-1.2116671599245679e-05
9_27_0.005,9,27,0.005,0.0011556302186555057,0.001703544050432112,0.123557520673376,0.7376670849764475,885,7.082904578315972e-05
9_29_1,9,29,1.0,-0.011728509012095795,-0.016850057789539755,0.4163387754945259,-0.10751905806821616,583,2.1741639611893044e-07
9_31_0.02,9,31,0.02,-0.008569061795984,-0.012108141843966918,0.5903908773326023,-0.2447258723163389,627,-8.479264693900019e-06
8_31_0.005,8,31,0.005,0.0010617520953393094,0.0015475537945536333,0.1301755592237559,0.7252926830153057,873,6.780686448102827e-05
8_26_0.05,8,26,0.05,-0.01152992333134279,-0.016595977878987082,0.4088057376417049,-0.06964713577873971,647,3.387614081680339e-06
8_29_0.04,8,29,0.04,-0.018004353425270864,-0.024992286470212007,0.45915646599061855,-0.3770010215210998,612,-2.7742846405775234e-05
8_28_0.01,8,28,0.01,-0.0015568196216847296,-0.0022474905613182952,0.23108496338591633,0.5158656706956004,755,5.67406264171799e-05
8_32_0.03,8,32,0.03,-0.01122037007676665,-0.015867451887055007,0.36285761176723474,-0.0909168168604636,599,-5.869150270809143e-06
8_33_1,8,33,1.0,-0.013691349760654444,-0.019494444925985892,0.5493523195774641,-0.2627723512065594,569,-1.7081197634473583e-05
8_35_0.02,8,35,0.02,-0.012030791791187335,-0.017149720789962165,0.24615079136510587,-0.10160835984305294,592,-1.1814882098216442e-05
9_25_0.05,9,25,0.05,-0.02102430396751145,-0.02974952799863453,0.44443597897825493,-0.3566480276286148,652,-3.466244055448948e-05
9_28_0.04,9,28,0.04,-0.012295853279819923,-0.017503404825495877,0.33105909389363064,-0.10205249379379056,602,-5.157320506785074e-06
9_27_0.01,9,27,0.01,-0.0021611394862153474,-0.003113106984975475,0.2144056161523662,0.4788537711994434,765,5.093453783611661e-05
9_30_0.005,9,30,0.005,-0.0002209677979878567,-0.0003210628449667185,0.15561049549462036,0.6285854238015982,841,6.68926142435172e-05
9_31_0.03,9,31,0.03,-0.006132979729504237,-0.008646374743637013,0.3155078687144278,0.17564209327041436,579,2.556474029027587e-05
8_26_1,8,26,1.0,-0.01152992333134279,-0.016595977878987082,0.4088057376417049,-0.06964713577873971,647,3.387614081680339e-06
8_28_0.02,8,28,0.02,-0.008118513363615732,-0.011555266221731938,0.3302140361569187,0.0911607303659745,659,1.7635382464748758e-05
8_29_0.05,8,29,0.05,-0.014194966350109025,-0.019807977406364568,0.4327905557832684,-0.2133789007626099,610,-1.3605236692307766e-05
8_31_0.01,8,31,0.01,-0.004680504462780491,-0.006722257501245132,0.25682397967007553,0.26785059901850095,746,3.349080847729471e-05
8_32_0.04,8,32,0.04,-0.0071396258271427026,-0.010026818536542963,0.3069080194225786,0.12979965116279146,589,1.3259276439663576e-05
8_34_0.005,8,34,0.005,-0.0007956156449403252,-0.0011709515400422125,0.1291391488441861,0.6053713556718807,819,5.381827817134621e-05
8_35_0.03,8,35,0.03,-0.012137326120375158,-0.017162346352768282,0.4632577716794346,-0.24188836799615565,557,-2.142796500754863e-05
9_25_1,9,25,1.0,-0.010701990589804736,-0.01544959301756206,0.3482481153444663,0.026056712431005158,651,1.0768312292064473e-05
9_28_0.05,9,28,0.05,-0.02218336870222805,-0.03125290608568018,0.5358423405222486,-0.4684138183421387,600,-4.308529804775513e-05
9_27_0.02,9,27,0.02,-0.009144354140783026,-0.012871826391685352,0.4565821603626339,-0.11533520732267977,658,4.207767543960106e-06
9_30_0.01,9,30,0.01,-0.004062506975003059,-0.0058576837570184625,0.33442554523933354,0.256405924246069,715,3.649055633061487e-05
9_31_0.04,9,31,0.04,-0.015109197215571078,-0.02129176079135242,0.3395699957257948,-0.25812916231061955,574,-2.0846813982448522e-05
8_29_1,8,29,1.0,-0.012060210928418403,-0.017330473426179733,0.42812676977374986,-0.12029383499768642,609,-2.1981181866222596e-07
8_27_0.005,8,27,0.005,0.005763757144304932,0.008546133368744845,0.11740398314514322,1.0393017096430848,893,9.726663497597526e-05
8_28_0.03,8,28,0.03,-0.01090456355263723,-0.01508349386470344,0.4391293428081138,-0.13408344055222732,623,-1.8104425246643707e-06
8_31_0.02,8,31,0.02,-0.007449545457259924,-0.010548068495780003,0.276711558599795,0.12902773656969035,647,1.6627343253215177e-05
8_32_0.05,8,32,0.05,-0.015786069742429583,-0.02191812633671241,0.4707704264692375,-0.29693154069767325,588,-2.5641048410082194e-05
8_34_0.01,8,34,0.01,-0.006669553656938332,-0.009602000284484576,0.2270182938137989,0.14597858354383386,698,1.788798559751744e-05
8_35_0.04,8,35,0.04,-0.007052995182772371,-0.010090148250476723,0.27154906637193843,0.08002134366059876,547,1.2385344697706517e-05
9_28_1,9,28,1.0,-0.011628284082927973,-0.016714759638565852,0.3972643820394972,-0.08570907828251861,599,2.0395696546101815e-06
9_26_0.005,9,26,0.005,0.004339660846827858,0.006415805930734275,0.11317915684880919,0.9430659248512154,907,8.600947318816649e-05
9_27_0.03,9,27,0.03,-0.01048775104390967,-0.01459837226578778,0.3953602234076198,-0.07984788124421027,625,1.955494113140755e-06
9_30_0.02,9,30,0.02,-0.007328063862317327,-0.010398588588298363,0.41993565452795956,0.02725475929418475,622,1.5712888859864535e-05
9_31_0.05,9,31,0.05,-0.014746809410921852,-0.02052088669946287,0.4808215471335503,-0.27680325880402623,572,-2.16562892248612e-05
8_27_0.01,8,27,0.01,-0.0031989902289855056,-0.004603877946488287,0.312946501031766,0.36528783410151777,785,4.667900425078001e-05
8_30_0.005,8,30,0.005,0.0012546232133718459,0.0018412182074905145,0.1431568254138892,0.7400437856505928,851,7.148056178406416e-05
8_28_0.04,8,28,0.04,-0.016490329693385018,-0.023307109702691658,0.3836312853725492,-0.2874185484602978,614,-1.862093301165717e-05
8_31_0.03,8,31,0.03,-0.012093672186989955,-0.016889679863883254,0.4318343579759829,-0.1845962764008826,615,-9.585398430014329e-06
8_32_1,8,32,1.0,-0.013411690171272144,-0.0191880733803407,0.49661764909319683,-0.20302616279069607,587,-1.2017959697905287e-05
8_34_0.02,8,34,0.02,-0.013030704552500235,-0.01849150706531771,0.2968836694890865,-0.18883976967482274,596,-1.772204959299555e-05
8_35_0.05,8,35,0.05,-0.005313744233518704,-0.007551053376487835,0.27154906637193843,0.1781349411447839,545,1.9463223112458298e-05
9_29_0.005,9,29,0.005,0.0015089483085553804,0.0022047089362900903,0.15565520354168239,0.7538873344350701,833,7.679837461934593e-05
9_26_0.01,9,26,0.01,-0.0013813278863992406,-0.0019936531513794686,0.1674848954764725,0.5543175979702126,789,5.5893308398904594e-05
9_27_0.04,9,27,0.04,-0.012431276970645628,-0.017699403698566298,0.2999276981305766,-0.09189419404290367,616,-4.821308916230133e-06
9_30_0.03,9,30,0.03,-0.007248268874858687,-0.01020352656140665,0.33442293523067,0.09387186753940213,583,1.671227596633734e-05
9_31_1,9,31,1.0,-0.012559271740447969,-0.017986739830840735,0.479504706445693,-0.18351132957124905,571,-8.067621328227676e-06
8_30_0.01,8,30,0.01,-0.0017676405651607624,-0.0025466039603479103,0.22768231217374835,0.48996457814348227,727,5.360641271463693e-05
8_27_0.02,8,27,0.02,-0.006141936009719332,-0.008727362685867176,0.2734693193698542,0.23828976620278008,689,2.6359670927260302e-05
8_28_0.05,8,28,0.05,-0.013299350545559837,-0.018555196014115954,0.4354164401964744,-0.17730436574201447,612,-1.013643219626997e-05
8_31_0.04,8,31,0.04,-0.011370227855937658,-0.015955069468677884,0.3185637190415178,-0.09157102803399242,606,-7.395459275820857e-06
8_33_0.005,8,33,0.005,-0.00010042580732857483,-0.0001477196167376052,0.1340616736967395,0.6493208004323647,837,6.128889311786412e-05
8_34_0.03,8,34,0.03,-0.01186093211297775,-0.016770716638102676,0.43475629776355185,-0.21509691273995135,561,-1.884856312701793e-05
8_35_1,8,35,1.0,-0.011808917146351496,-0.016672261371511444,0.27154906637193843,-0.17417577217898905,544,-2.0120555346376853e-05
9_29_0.01,9,29,0.01,-0.0034259552270388947,-0.004949058556013587,0.25463883355123673,0.3461972832437379,727,4.0585580579603536e-05
9_26_0.02,9,26,0.02,-0.007930698497095115,-0.01124379697483707,0.33943433014361735,0.05831222814067272,692,1.69739202886013e-05
9_27_0.05,9,27,0.05,-0.022397454709724863,-0.031568419451715506,0.5288307634456134,-0.4582555185912516,614,-4.265313471708339e-05
9_30_0.04,9,30,0.04,-0.014801683855703867,-0.020892656730111137,0.3189676446769749,-0.24718957789134421,578,-1.8461469649551784e-05
9_32_0.005,9,32,0.005,-0.00234706170569312,-0.00342617916802798,0.18212064357837565,0.4978400712466391,827,5.037102795688318e-05
8_27_0.03,8,27,0.03,-0.011769215157805124,-0.016379041694111505,0.4973958985770096,-0.20201613542286356,651,-7.838169053485247e-06
8_28_1,8,28,1.0,-0.011319014055473675,-0.01625458751746351,0.4149239719928889,-0.08421929997709099,611,3.5036874042551425e-06
8_30_0.02,8,30,0.02,-0.009632513214286022,-0.01365787737613367,0.27380679410248787,0.019050475245042664,632,9.26342843123118e-06
8_31_0.05,8,31,0.05,-0.015193574112136177,-0.021108514755994488,0.46638625828901914,-0.28518126521122455,606,-2.275730109048536e-05
8_33_0.01,8,33,0.01,-0.0044846588665218064,-0.006416013923194057,0.2292979718863516,0.2811707248069466,721,3.3741341841031e-05
8_34_0.04,8,34,0.04,-0.0067831109880021985,-0.009698429485950854,0.2556601754615072,0.10677511265114248,551,1.4937666090064056e-05
9_25_0.005,9,25,0.005,0.006064927090041945,0.008968517249552116,0.11618085569032521,1.0601043313071128,919,9.738382340723878e-05
9_27_1,9,27,1.0,-0.011733372145402491,-0.016875236993939717,0.3910626890786949,-0.07555077853163183,613,2.540393878404402e-06
9_29_0.02,9,29,0.02,-0.006894889369589263,-0.009802418839653286,0.41962440509039034,0.07073870815761585,628,1.975641941048735e-05
9_26_0.03,9,26,0.03,-0.0068059823767294535,-0.009616225323906144,0.1976885825293887,0.21521231502039573,653,2.1588507529006385e-05
9_30_0.05,9,30,0.05,-0.014458598207077676,-0.020148812835863592,0.4696039143016234,-0.265822266854738,576,-1.934608047243158e-05
9_32_0.01,9,32,0.01,-0.005591187259512171,-0.008014414027231865,0.299023351657169,0.19118574229918317,713,2.4907730868294475e-05
8_29_0.005,8,29,0.005,0.0011188039192771722,0.001639074457487621,0.15370870694173067,0.7322426566464535,885,7.162865342521906e-05
8_30_0.03,8,30,0.03,-0.010959470061404962,-0.015197102026164271,0.38876458285563353,-0.1055651360179114,599,-9.142631763699386e-07
8_27_0.04,8,27,0.04,-0.017037113526927907,-0.024068648070902404,0.383789585177431,-0.2930022490753704,642,-2.0360866383360238e-05
8_31_1,8,31,1.0,-0.012886625358374839,-0.018448567161288662,0.49429883770387273,-0.19144653084319496,605,-9.275543353502438e-06
8_33_0.02,8,33,0.02,-0.0082947182041204,-0.011759198311879479,0.2816920044651511,0.08440620817479849,615,8.133825748705815e-06
8_34_0.05,8,34,0.05,-0.005010134528461362,-0.007116242417790872,0.26282919544929506,0.20880808176398302,549,2.2256833991479407e-05
9_25_0.01,9,25,0.01,6.112713318982447e-05,8.84338072687382e-05,0.15775453293710662,0.6565481159491275,803,6.310922310260995e-05
9_29_0.03,9,29,0.03,-0.00937681133408656,-0.013237488236671275,0.33636593935218984,-0.010465317989866274,591,5.867180888245328e-06
9_28_0.005,9,28,0.005,0.0014837161922689117,0.002177031674114062,0.15239475763596788,0.75413763592067,863,7.392366414907283e-05
9_26_0.04,9,26,0.04,-0.020651326606506086,-0.02926590040198864,0.4350448453598581,-0.34637872930843316,642,-3.341819403389142e-05
9_30_1,9,30,1.0,-0.012366763302926942,-0.017738611177020937,0.4616870253994043,-0.17273720108981483,575,-5.719929638108218e-06
9_32_0.02,9,32,0.02,-0.007351768426375668,-0.010291270356949626,0.5645310157387883,-0.1601464642380631,613,2.35513039487594e-07
9_33_1,9,33,1.0,-0.010837987098956258,-0.015338357343884541,0.30000498239440143,-0.12265543673700996,544,-1.5633450292137952e-05
10_25_0.05,10,25,0.05,-0.007605069638780255,-0.010916155990005323,0.23822498679203352,0.11471271229007529,644,8.423557053132357e-06
9_35_0.02,9,35,0.02,-0.013735910370808865,-0.01930211882671187,0.45109424776371077,-0.3960101768204357,578,-2.8956026553833648e-05
9_32_0.03,9,32,0.03,-0.009747404122403375,-0.01373360646914611,0.3073579896841069,-0.026656224188618793,571,-5.766774520996315e-07
10_27_0.01,10,27,0.01,-0.003362699443008531,-0.0048887361022001774,0.21196562650821027,0.3924202265914243,756,4.563178903129855e-05
10_28_0.04,10,28,0.04,-0.01393669726273934,-0.019798997045644164,0.3062887202664719,-0.17878060543750163,590,-1.3865070209170673e-05
10_30_0.005,10,30,0.005,0.0015444027087870979,0.002268761981519836,0.1956025858916004,0.7557160769267459,829,6.938010433646695e-05
10_31_0.03,10,31,0.03,-0.010561259494480522,-0.01466889058588701,0.3357984267714026,-0.09348651454678913,567,-9.758816729752448e-07
10_32_1,10,32,1.0,-0.012223348184567042,-0.017254204339517007,0.2963538586192862,-0.2115664878322202,536,-2.3416538304237645e-05
10_34_0.02,10,34,0.02,-0.013333740962505608,-0.018754662814680582,0.494342141993636,-0.44208948031243833,574,-3.0840473451880256e-05
10_35_0.05,10,35,0.05,-0.005407175525697827,-0.007678298081239168,0.2701128640189834,0.1837956559639693,515,2.017209892693493e-05
9_34_0.005,9,34,0.005,-0.003871248698603652,-0.005693938022517434,0.22519723756059273,0.3976667054909828,793,3.9098268520846045e-05
10_25_1,10,25,1.0,-0.007605069638780255,-0.010916155990005323,0.23822498679203352,0.11471271229007529,644,8.423557053132357e-06
9_35_0.03,9,35,0.03,-0.011332417253915426,-0.015843959267779584,0.46793123095614897,-0.20349244745979933,535,-1.2116179373193049e-05
9_32_0.04,9,32,0.04,-0.008677194566639325,-0.012288606352691443,0.31811894069644975,0.025731324834952662,561,1.0003023053722694e-05
10_27_0.02,10,27,0.02,-0.007814375884492134,-0.011108315798409289,0.37035314749177617,0.05571324603912564,654,1.836564604441477e-05
10_28_0.05,10,28,0.05,-0.02454073014614444,-0.03444656333860233,0.5937647010783444,-0.545956096828414,588,-5.159427209874053e-05
10_30_0.01,10,30,0.01,-0.0061460906207682405,-0.008835434884698507,0.2102426535254317,0.19268448253256265,713,2.278857611119479e-05
10_31_0.04,10,31,0.04,-0.011638740833784113,-0.016293249324995023,0.4278576967327994,-0.1377233713199839,557,-3.9053770247714425e-06
10_33_0.005,10,33,0.005,-0.00197279859193283,-0.002863413691819636,0.16788657100476723,0.5179939215700666,791,4.71241648212184e-05
10_34_0.03,10,34,0.03,-0.006114949546853411,-0.008692954744220507,0.30039305980367426,0.11319967824358934,533,1.7442600808130037e-05
10_35_1,10,35,1.0,-0.012100002717573012,-0.01706783245491497,0.2701128640189834,-0.17411157925323262,514,-2.043310580581681e-05
9_34_0.01,9,34,0.01,-0.0067998887737909,-0.009762417304660988,0.29546224216267647,0.10233964956213293,679,1.4741397881581903e-05
10_26_0.005,10,26,0.005,0.004017334282632267,0.005944724081404553,0.12132422348909422,0.9306202961919148,895,9.162306348832906e-05
9_35_0.04,9,35,0.04,-0.006828397187189333,-0.009767182298296461,0.28077116112983636,0.09390040110358089,527,1.3882882938771172e-05
9_32_0.05,9,32,0.05,-0.013404434503959584,-0.018924804364583263,0.5242128679206535,-0.23536805222634738,559,-1.5393890858682433e-05
10_27_0.03,10,27,0.03,-0.007274685020743833,-0.010210191113897106,0.18590432651876487,0.17011477580560364,619,1.7010341027739744e-05
10_28_1,10,28,1.0,-0.013134869536952743,-0.018844141274384687,0.4142688528670394,-0.16240086986155067,587,-6.461838485427993e-06
10_30_0.02,10,30,0.02,-0.009264470082738027,-0.01305420488744723,0.5360024007119362,-0.2137162332526028,619,-8.530362626614197e-06
10_31_0.05,10,31,0.05,-0.00847194653325002,-0.011768863564144291,0.4255483761649983,0.02110313144381948,555,8.995761999517136e-06
10_33_0.01,10,33,0.01,-0.009780690748279744,-0.013866733733765601,0.2824909579236331,-0.0674782304853303,693,-1.777996969502572e-07
10_34_0.04,10,34,0.04,-0.00803960185433189,-0.011469923313503012,0.30039305980367426,-0.0060844574182314926,527,6.036466575160893e-06
9_34_0.02,9,34,0.02,-0.011426938290438384,-0.016215726287170006,0.3144311888153448,-0.18567003224843648,582,-1.1994244133688672e-05
9_35_0.05,9,35,0.05,-0.009685729189681138,-0.013850738617370848,0.34815696873746216,-0.0774100064788058,525,-5.991612988589354e-06
10_26_0.01,10,26,0.01,-0.0013878723628233038,-0.0020256879055535458,0.18353343180701032,0.5355073831376227,769,5.9535314585544814e-05
9_32_1,9,32,1.0,-0.01394951156178183,-0.019852141882193128,0.5533039082347493,-0.2560344479036091,557,-1.797055894466226e-05
10_27_0.04,10,27,0.04,-0.012508964620436595,-0.017875064394088595,0.25353078606609303,-0.07852975492546055,610,-5.330373090713535e-06
10_29_0.005,10,29,0.005,0.0020116969547605483,0.0029687513018908495,0.14472713417545258,0.7904694494592099,853,7.255993936692346e-05
10_30_0.03,10,30,0.03,-0.01046060700231355,-0.014552817959908447,0.3179035162151531,-0.07205453971757703,579,6.458009567303824e-07
10_31_1,10,31,1.0,-0.014848039617050522,-0.021158142604782,0.5249413580107194,-0.27812104706840557,553,-2.117804421792991e-05
10_33_0.02,10,33,0.02,-0.013436475531928525,-0.01893560550238808,0.4928426138017117,-0.4176250154690583,582,-2.826093224775074e-05
10_34_0.05,10,34,0.05,-0.005857829692350043,-0.008311586870340044,0.30039305980367426,0.12441497841611482,523,1.5806579766913386e-05
9_34_0.03,9,34,0.03,-0.010850246626626106,-0.01511717413968076,0.3749190161147017,-0.1641168587256404,543,-1.1493390705756925e-05
9_35_1,9,35,1.0,-0.011182138341436956,-0.015806019148605376,0.28077116112983636,-0.1372094546883983,522,-1.6911785220299915e-05
10_26_0.02,10,26,0.02,-0.006357591197794443,-0.009051452144341256,0.3535341997530699,0.15730260611906566,669,2.5862628452774003e-05
9_33_0.005,9,33,0.005,-0.0032138113816624816,-0.0046675781549395294,0.21811084097184807,0.42823250540508284,807,4.396323696412365e-05
10_27_0.05,10,27,0.05,-0.022760864599576665,-0.0321849859884598,0.5000475555538276,-0.44133589594006817,608,-4.262682238011335e-05
10_29_0.01,10,29,0.01,-0.005954009749811536,-0.008574653937299587,0.25508799934950044,0.18134211159505642,729,2.4586275751565714e-05
10_30_0.04,10,30,0.04,-0.011498815661279055,-0.016116941325327323,0.39831714749891367,-0.11059079651270909,569,-1.6824407704381094e-06
10_32_0.005,10,32,0.005,-0.0011048806787346886,-0.001609967934360793,0.17806427066246255,0.5700382431517685,795,5.284351439628114e-05
10_33_0.03,10,33,0.03,-0.0074538889157744655,-0.010549545501548753,0.2857291705682654,0.051945192216698466,545,7.054803684206556e-06
10_34_1,10,34,1.0,-0.01263185503281591,-0.017801978954196638,0.30039305980367426,-0.23424521915105723,522,-2.4784145293725722e-05
9_34_0.04,9,34,0.04,-0.0045627132740454455,-0.006532249792898964,0.2995422278245864,0.24105419630053015,533,2.4940952313998033e-05
10_25_0.005,10,25,0.005,0.0028542464691295177,0.004233975497463952,0.12035221761493708,0.8483746423917853,927,8.194656697275774e-05
10_26_0.03,10,26,0.03,-0.009928893015242973,-0.013958321277847822,0.22082573988186438,0.044403226458577194,629,8.391381561788418e-06
9_33_0.01,9,33,0.01,-0.00662394615583873,-0.009493689946262231,0.3118582443082003,0.10999534108363407,697,1.717862960182829e-05
10_29_0.02,10,29,0.02,-0.007045685434658367,-0.009985495604246952,0.36927483603988787,0.08597369403065702,630,1.812325450691483e-05
10_27_1,10,27,1.0,-0.011906461905321313,-0.01718479536057828,0.3329374689819873,-0.057780668973204774,607,2.5753772198676095e-06
10_30_0.05,10,30,0.05,-0.008940426809846705,-0.012511526528304433,0.44514955297088066,0.015203194810845533,567,8.32557038269239e-06
10_32_0.01,10,32,0.01,-0.009375724249761075,-0.01333640476331917,0.27646779436088464,-0.06898276200945119,695,1.8098964704096844e-06
10_33_0.04,10,33,0.04,-0.006233498624269165,-0.008889551295781626,0.2857291705682654,0.12416475092996393,537,1.4160997203602072e-05
10_35_0.005,10,35,0.005,-0.0027669114544661964,-0.00404500740856473,0.13903653938794014,0.47210510315270704,765,4.457106978393771e-05
9_34_0.05,9,34,0.05,-0.009159873199852323,-0.013121198757663054,0.32909176241221905,-0.041274286421442485,531,-3.233094324624143e-06
10_25_0.01,10,25,0.01,0.00014162526591667742,0.0002066327035797562,0.18370581226048,0.6482475340501257,793,6.692536199733115e-05
10_26_0.04,10,26,0.04,-0.016277055647688023,-0.02324637995144872,0.36774104063617874,-0.21411875978305417,622,-2.4186330212212644e-05
9_33_0.02,9,33,0.02,-0.011010649775681587,-0.01548242066424308,0.4068759482408637,-0.22430080584693923,598,-1.115461547019828e-05
10_29_0.03,10,29,0.03,-0.011143169244663357,-0.015523806103692802,0.35904572511509913,-0.13213113939224597,593,-2.6720172870229852e-06
10_28_0.005,10,28,0.005,0.003986688158807551,0.005896702514006337,0.16738685780975016,0.932269852741578,849,9.16867501582531e-05
10_30_1,10,30,1.0,-0.01467793228313788,-0.020940572083676744,0.46635058155177067,-0.24036362693300206,565,-1.7994551296700674e-05
10_32_0.02,10,32,0.02,-0.007201727942032622,-0.01015987699835827,0.5267731612349522,-0.12655031993652321,585,2.5454243169469844e-06
10_33_0.05,10,33,0.05,-0.011037855058642706,-0.015742907977674185,0.4069815080493031,-0.15521463773285438,535,-1.3692563606611136e-05
10_35_0.01,10,35,0.01,-0.006348185997797625,-0.009111587509480693,0.21485897741738025,0.20990764201656043,659,2.255518616544636e-05
9_34_1,9,34,1.0,-0.0105913112985709,-0.015002054496467436,0.2995422278245864,-0.10107373463103497,528,-1.4098490024023747e-05
10_25_0.02,10,25,0.02,-0.004705667309520889,-0.006727140221756303,0.2829002646670119,0.2833840330200683,689,3.370745864366613e-05
10_26_0.05,10,26,0.05,-0.022337010173879467,-0.031606385696474844,0.4789479339075535,-0.4102351687450543,620,-3.975516955358161e-05
9_33_0.03,9,33,0.03,-0.011798732799996728,-0.016471602801761152,0.4391883270006861,-0.22816149696806376,559,-1.7554734350811092e-05
10_29_0.04,10,29,0.04,-0.019474769753906645,-0.02706947333863039,0.4941198206878673,-0.439074377974334,586,-3.477012181361903e-05
10_28_0.01,10,28,0.01,-0.0030598483717100794,-0.004442186463632431,0.1839486428584589,0.4256716662527218,743,4.510295185466758e-05
10_31_0.005,10,31,0.005,0.0014611678754896152,0.0021412984316287764,0.15611733192103672,0.7502906433567753,807,6.804324378547762e-05
10_32_0.03,10,32,0.03,-0.013003404375964532,-0.01803153109559282,0.5718103801354524,-0.37313300478266886,551,-2.8733727504845243e-05
10_33_1,10,33,1.0,-0.012775646718273468,-0.017999366434634637,0.2857291705682654,-0.2150140859424473,532,-2.4693518263570062e-05
10_35_0.02,10,35,0.02,-0.016162756466302282,-0.0227182301141997,0.5173969484066544,-0.46673624872875275,568,-3.875536197072822e-05
9_35_0.005,9,35,0.005,-0.004199676658275212,-0.006190432834376255,0.19596601848287099,0.38836105145919997,787,3.660050709917404e-05
10_26_1,10,26,1.0,-0.01158602196214521,-0.016726659730845486,0.31440470495539885,-0.026679941778190996,619,5.626023929533713e-06
9_33_0.04,9,33,0.04,-0.006330805506135633,-0.009070494805413451,0.30000498239440143,0.12762230747392223,547,1.6554957191578472e-05
10_25_0.03,10,25,0.03,-0.012343095117013585,-0.01743936315122075,0.358513837619997,-0.1667286981968542,653,-9.235218644453902e-06
10_29_0.05,10,29,0.05,-0.017224280662490283,-0.02393737402424121,0.44430945870850125,-0.3545541254900494,582,-3.0739402364046736e-05
10_28_0.02,10,28,0.02,-0.005784687159464807,-0.00821318009168798,0.3481415503597607,0.1869837868434885,636,2.8932339166696332e-05
10_31_0.01,10,31,0.01,-0.0067189003011848495,-0.00963872975170067,0.23960666876367287,0.1523302802502131,703,1.8208185066571076e-05
10_32_0.04,10,32,0.04,-0.006845135547249603,-0.009761568597835934,0.31377544692154835,0.05786190680711445,541,8.616055087617275e-06
10_34_0.005,10,34,0.005,-0.0025508925425510986,-0.003731856395614308,0.15682705022520893,0.4832947674545691,777,4.5654719386812395e-05
10_35_0.03,10,35,0.03,-0.007443192725034868,-0.010595848846118715,0.2701128640189834,0.06307690687200296,525,8.412906190592286e-06
9_35_0.01,9,35,0.01,-0.006315353888380763,-0.009085335922702676,0.3039842168615853,0.13341007927437243,669,1.845658666340505e-05
10_27_0.005,10,27,0.005,0.003117637986971735,0.004626340933494424,0.14405730713524312,0.8684680422628075,883,8.516840636528983e-05
10_25_0.04,10,25,0.04,-0.01920575525591506,-0.027388674403745355,0.43350310634751543,-0.38040698546272467,646,-3.86027635447743e-05
9_33_0.05,9,33,0.05,-0.009490689960404477,-0.013576578327226654,0.3325807422771203,-0.06920547277081646,547,-5.638883469599297e-06
10_29_1,10,29,1.0,-0.014765873918769648,-0.021120933268570907,0.47768533339587504,-0.2614690597251258,581,-1.736238962708977e-05
10_28_0.03,10,28,0.03,-0.012897534233505127,-0.017779912890108853,0.4115039709520636,-0.20988605449053122,599,-1.227584296660087e-05
10_31_0.02,10,31,0.02,-0.007090666921816414,-0.009988820518726392,0.4505972331716729,-0.004833839693642594,607,1.0202847825151674e-05
10_32_0.05,10,32,0.05,-0.010694747850079098,-0.015265282110201044,0.38785457143736213,-0.15811652386602648,539,-1.3196331472012146e-05
10_34_0.01,10,34,0.01,-0.00830509375848195,-0.01181878076013551,0.28114506416622276,0.016233550021471643,677,9.990919275289948e-06
10_35_0.04,10,35,0.04,-0.007583782486760357,-0.010828900128451682,0.2701128640189834,0.05357018741827679,519,1.0539311186715441e-05
